{"meta": {"format": 3, "version": "7.10.7", "timestamp": "2025-11-10T19:58:33.438695", "branch_coverage": false, "show_contexts": false}, "files": {"ingest.py": {"executed_lines": [1, 11, 12, 13, 14, 15, 16, 17, 19, 20, 21, 22, 23, 24, 27, 28, 33, 34, 38, 42, 43, 44, 45, 46, 47, 48, 49, 52, 53, 55, 56, 57, 58, 59, 61, 63, 64, 65, 66, 67, 68, 70, 72, 73, 74, 76, 77, 78, 85, 86, 87, 88, 90, 92, 94, 95, 102, 103, 104, 106, 108, 110, 111, 112, 114, 115, 116, 118, 120, 121, 122, 124, 125, 126, 127, 128, 129, 131, 132, 133, 134, 135, 136, 139, 140, 142, 144, 145, 147, 148, 150, 151, 152, 155, 156, 157, 158, 159, 161, 162, 164, 166, 168, 170, 171, 172, 174, 176, 178, 179, 180, 181, 184, 185, 188, 189, 190, 193, 196, 197, 199, 202, 203, 221, 224, 229, 230, 232, 233, 235, 237, 239, 240, 241, 243, 244, 249, 251, 252, 255, 256, 258, 259, 261, 263, 264, 266, 267, 269, 270, 272, 273, 276, 278, 279, 280, 281, 282, 285, 288, 291, 292, 295, 296, 297, 298, 299, 301, 302, 303, 311, 318], "summary": {"covered_lines": 169, "num_statements": 183, "percent_covered": 92.34972677595628, "percent_covered_display": "92", "missing_lines": 14, "excluded_lines": 0}, "missing_lines": [29, 30, 35, 36, 305, 306, 307, 308, 309, 310, 312, 313, 315, 319], "excluded_lines": [], "functions": {"DocumentProcessor.__init__": {"executed_lines": [56, 57, 58, 59], "summary": {"covered_lines": 4, "num_statements": 4, "percent_covered": 100.0, "percent_covered_display": "100", "missing_lines": 0, "excluded_lines": 0}, "missing_lines": [], "excluded_lines": []}, "DocumentProcessor._collection_exists": {"executed_lines": [63, 64, 65, 66, 67, 68], "summary": {"covered_lines": 6, "num_statements": 6, "percent_covered": 100.0, "percent_covered_display": "100", "missing_lines": 0, "excluded_lines": 0}, "missing_lines": [], "excluded_lines": []}, "DocumentProcessor._ensure_collection": {"executed_lines": [72, 73, 74, 76, 77, 78, 85, 86, 87, 88, 90], "summary": {"covered_lines": 11, "num_statements": 11, "percent_covered": 100.0, "percent_covered_display": "100", "missing_lines": 0, "excluded_lines": 0}, "missing_lines": [], "excluded_lines": []}, "DocumentProcessor.generate_embedding": {"executed_lines": [94, 95, 102, 103, 104], "summary": {"covered_lines": 5, "num_statements": 5, "percent_covered": 100.0, "percent_covered_display": "100", "missing_lines": 0, "excluded_lines": 0}, "missing_lines": [], "excluded_lines": []}, "DocumentProcessor.extract_text": {"executed_lines": [108, 110, 111, 112, 114, 115, 116, 118, 120, 121, 122, 124, 125, 126, 127, 128, 129, 131, 132, 133, 134, 135, 136, 139, 140], "summary": {"covered_lines": 25, "num_statements": 25, "percent_covered": 100.0, "percent_covered_display": "100", "missing_lines": 0, "excluded_lines": 0}, "missing_lines": [], "excluded_lines": []}, "DocumentProcessor.chunk_text": {"executed_lines": [144, 145, 147, 148, 150, 151, 152, 155, 156, 157, 158, 159, 161, 162, 164], "summary": {"covered_lines": 15, "num_statements": 15, "percent_covered": 100.0, "percent_covered_display": "100", "missing_lines": 0, "excluded_lines": 0}, "missing_lines": [], "excluded_lines": []}, "DocumentProcessor.process_file": {"executed_lines": [168, 170, 171, 172, 174, 176, 178, 179, 180, 181, 184, 185, 188, 189, 190, 193, 196, 197, 199, 202, 203, 221, 224, 229, 230, 232, 233], "summary": {"covered_lines": 27, "num_statements": 27, "percent_covered": 100.0, "percent_covered_display": "100", "missing_lines": 0, "excluded_lines": 0}, "missing_lines": [], "excluded_lines": []}, "DocumentProcessor.process_directory": {"executed_lines": [237, 239, 240, 241, 243, 244, 249, 251, 252], "summary": {"covered_lines": 9, "num_statements": 9, "percent_covered": 100.0, "percent_covered_display": "100", "missing_lines": 0, "excluded_lines": 0}, "missing_lines": [], "excluded_lines": []}, "DocumentWatcher.__init__": {"executed_lines": [259], "summary": {"covered_lines": 1, "num_statements": 1, "percent_covered": 100.0, "percent_covered_display": "100", "missing_lines": 0, "excluded_lines": 0}, "missing_lines": [], "excluded_lines": []}, "DocumentWatcher.on_created": {"executed_lines": [263, 264, 266, 267, 269, 270, 272, 273], "summary": {"covered_lines": 8, "num_statements": 8, "percent_covered": 100.0, "percent_covered_display": "100", "missing_lines": 0, "excluded_lines": 0}, "missing_lines": [], "excluded_lines": []}, "main": {"executed_lines": [278, 279, 280, 281, 282, 285, 288, 291, 292, 295, 296, 297, 298, 299, 301, 302, 303, 311], "summary": {"covered_lines": 18, "num_statements": 27, "percent_covered": 66.66666666666667, "percent_covered_display": "67", "missing_lines": 9, "excluded_lines": 0}, "missing_lines": [305, 306, 307, 308, 309, 310, 312, 313, 315], "excluded_lines": []}, "": {"executed_lines": [1, 11, 12, 13, 14, 15, 16, 17, 19, 20, 21, 22, 23, 24, 27, 28, 33, 34, 38, 42, 43, 44, 45, 46, 47, 48, 49, 52, 53, 55, 61, 70, 92, 106, 142, 166, 235, 255, 256, 258, 261, 276, 318], "summary": {"covered_lines": 40, "num_statements": 45, "percent_covered": 88.88888888888889, "percent_covered_display": "89", "missing_lines": 5, "excluded_lines": 0}, "missing_lines": [29, 30, 35, 36, 319], "excluded_lines": []}}, "classes": {"DocumentProcessor": {"executed_lines": [56, 57, 58, 59, 63, 64, 65, 66, 67, 68, 72, 73, 74, 76, 77, 78, 85, 86, 87, 88, 90, 94, 95, 102, 103, 104, 108, 110, 111, 112, 114, 115, 116, 118, 120, 121, 122, 124, 125, 126, 127, 128, 129, 131, 132, 133, 134, 135, 136, 139, 140, 144, 145, 147, 148, 150, 151, 152, 155, 156, 157, 158, 159, 161, 162, 164, 168, 170, 171, 172, 174, 176, 178, 179, 180, 181, 184, 185, 188, 189, 190, 193, 196, 197, 199, 202, 203, 221, 224, 229, 230, 232, 233, 237, 239, 240, 241, 243, 244, 249, 251, 252], "summary": {"covered_lines": 102, "num_statements": 102, "percent_covered": 100.0, "percent_covered_display": "100", "missing_lines": 0, "excluded_lines": 0}, "missing_lines": [], "excluded_lines": []}, "DocumentWatcher": {"executed_lines": [259, 263, 264, 266, 267, 269, 270, 272, 273], "summary": {"covered_lines": 9, "num_statements": 9, "percent_covered": 100.0, "percent_covered_display": "100", "missing_lines": 0, "excluded_lines": 0}, "missing_lines": [], "excluded_lines": []}, "": {"executed_lines": [1, 11, 12, 13, 14, 15, 16, 17, 19, 20, 21, 22, 23, 24, 27, 28, 33, 34, 38, 42, 43, 44, 45, 46, 47, 48, 49, 52, 53, 55, 61, 70, 92, 106, 142, 166, 235, 255, 256, 258, 261, 276, 278, 279, 280, 281, 282, 285, 288, 291, 292, 295, 296, 297, 298, 299, 301, 302, 303, 311, 318], "summary": {"covered_lines": 58, "num_statements": 72, "percent_covered": 80.55555555555556, "percent_covered_display": "81", "missing_lines": 14, "excluded_lines": 0}, "missing_lines": [29, 30, 35, 36, 305, 306, 307, 308, 309, 310, 312, 313, 315, 319], "excluded_lines": []}}}}, "totals": {"covered_lines": 169, "num_statements": 183, "percent_covered": 92.34972677595628, "percent_covered_display": "92", "missing_lines": 14, "excluded_lines": 0}}