{"meta": {"format": 3, "version": "7.10.7", "timestamp": "2025-11-10T20:17:23.766995", "branch_coverage": false, "show_contexts": false}, "files": {"temponest_cli/__init__.py": {"executed_lines": [1, 4], "summary": {"covered_lines": 1, "num_statements": 1, "percent_covered": 100.0, "percent_covered_display": "100", "missing_lines": 0, "excluded_lines": 0}, "missing_lines": [], "excluded_lines": [], "functions": {"": {"executed_lines": [1, 4], "summary": {"covered_lines": 1, "num_statements": 1, "percent_covered": 100.0, "percent_covered_display": "100", "missing_lines": 0, "excluded_lines": 0}, "missing_lines": [], "excluded_lines": []}}, "classes": {"": {"executed_lines": [1, 4], "summary": {"covered_lines": 1, "num_statements": 1, "percent_covered": 100.0, "percent_covered_display": "100", "missing_lines": 0, "excluded_lines": 0}, "missing_lines": [], "excluded_lines": []}}}, "temponest_cli/cli.py": {"executed_lines": [1, 4, 5, 6, 7, 8, 9, 10, 12, 15, 17, 18, 20, 23, 24, 25, 33, 40, 41, 43, 46, 47, 48, 49, 51, 52, 53, 55, 56, 57, 59, 60, 61, 62, 63, 64, 66, 67, 75, 77, 78, 79, 82, 83, 84, 85, 86, 87, 88, 89, 91, 92, 93, 102, 103, 104, 105, 107, 108, 109, 112, 113, 114, 116, 117, 118, 120, 121, 122, 123, 124, 125, 126, 127, 128, 129, 131, 132, 133, 136, 137, 138, 139, 140, 142, 143, 145, 146, 147, 148, 149, 151, 152, 154, 155, 156, 157, 158, 159, 161, 162, 163, 166, 167, 168, 169, 171, 172, 173, 174, 176, 177, 178, 185, 186, 188, 191, 192, 193, 194, 195, 197, 198, 199, 205, 206, 207, 209, 210, 211, 212, 213, 214, 215, 217, 218, 227, 229, 230, 231, 234, 235, 236, 237, 238, 240, 241, 242, 248, 249, 250, 251, 253, 254, 255, 258, 259, 260, 262, 263, 264, 265, 267, 268, 269, 272, 273, 274, 276, 277, 278, 279, 281, 282, 283, 286, 287, 288, 290, 291, 292, 293, 294, 295, 297, 298, 299, 302, 303, 304, 305, 307, 308, 309, 310, 312, 313, 314, 321, 322, 324, 327, 328, 329, 331, 332, 334, 335, 336, 338, 339, 344, 345, 346, 348, 349, 350, 351, 353, 354, 355, 356, 358, 359, 360, 363, 364, 366, 367, 369, 370, 372, 374, 375, 376, 377, 379, 380, 381, 382, 384, 385, 386, 389, 390, 391, 392, 393, 395, 396, 397, 403, 404, 405, 406, 407, 408, 410, 411, 412, 419, 420, 422, 423, 425, 427, 434, 435, 436, 437, 439, 440, 441, 442, 443, 444, 445, 446, 448, 450, 457], "summary": {"covered_lines": 280, "num_statements": 284, "percent_covered": 98.59154929577464, "percent_covered_display": "99", "missing_lines": 4, "excluded_lines": 0}, "missing_lines": [452, 453, 454, 458], "excluded_lines": [], "functions": {"get_client": {"executed_lines": [17, 18, 20], "summary": {"covered_lines": 3, "num_statements": 3, "percent_covered": 100.0, "percent_covered_display": "100", "missing_lines": 0, "excluded_lines": 0}, "missing_lines": [], "excluded_lines": []}, "cli": {"executed_lines": [33], "summary": {"covered_lines": 1, "num_statements": 1, "percent_covered": 100.0, "percent_covered_display": "100", "missing_lines": 0, "excluded_lines": 0}, "missing_lines": [], "excluded_lines": []}, "agent": {"executed_lines": [43], "summary": {"covered_lines": 1, "num_statements": 1, "percent_covered": 100.0, "percent_covered_display": "100", "missing_lines": 0, "excluded_lines": 0}, "missing_lines": [], "excluded_lines": []}, "agent_list": {"executed_lines": [51, 52, 53, 55, 56, 57, 59, 60, 61, 62, 63, 64, 66, 67, 75, 77, 78, 79], "summary": {"covered_lines": 18, "num_statements": 18, "percent_covered": 100.0, "percent_covered_display": "100", "missing_lines": 0, "excluded_lines": 0}, "missing_lines": [], "excluded_lines": []}, "agent_create": {"executed_lines": [91, 92, 93, 102, 103, 104, 105, 107, 108, 109], "summary": {"covered_lines": 10, "num_statements": 10, "percent_covered": 100.0, "percent_covered_display": "100", "missing_lines": 0, "excluded_lines": 0}, "missing_lines": [], "excluded_lines": []}, "agent_get": {"executed_lines": [116, 117, 118, 120, 121, 122, 123, 124, 125, 126, 127, 128, 129, 131, 132, 133], "summary": {"covered_lines": 16, "num_statements": 16, "percent_covered": 100.0, "percent_covered_display": "100", "missing_lines": 0, "excluded_lines": 0}, "missing_lines": [], "excluded_lines": []}, "agent_execute": {"executed_lines": [142, 143, 145, 146, 147, 148, 149, 151, 152, 154, 155, 156, 157, 158, 159, 161, 162, 163], "summary": {"covered_lines": 18, "num_statements": 18, "percent_covered": 100.0, "percent_covered_display": "100", "missing_lines": 0, "excluded_lines": 0}, "missing_lines": [], "excluded_lines": []}, "agent_delete": {"executed_lines": [171, 172, 173, 174, 176, 177, 178], "summary": {"covered_lines": 7, "num_statements": 7, "percent_covered": 100.0, "percent_covered_display": "100", "missing_lines": 0, "excluded_lines": 0}, "missing_lines": [], "excluded_lines": []}, "schedule": {"executed_lines": [188], "summary": {"covered_lines": 1, "num_statements": 1, "percent_covered": 100.0, "percent_covered_display": "100", "missing_lines": 0, "excluded_lines": 0}, "missing_lines": [], "excluded_lines": []}, "schedule_list": {"executed_lines": [197, 198, 199, 205, 206, 207, 209, 210, 211, 212, 213, 214, 215, 217, 218, 227, 229, 230, 231], "summary": {"covered_lines": 19, "num_statements": 19, "percent_covered": 100.0, "percent_covered_display": "100", "missing_lines": 0, "excluded_lines": 0}, "missing_lines": [], "excluded_lines": []}, "schedule_create": {"executed_lines": [240, 241, 242, 248, 249, 250, 251, 253, 254, 255], "summary": {"covered_lines": 10, "num_statements": 10, "percent_covered": 100.0, "percent_covered_display": "100", "missing_lines": 0, "excluded_lines": 0}, "missing_lines": [], "excluded_lines": []}, "schedule_pause": {"executed_lines": [262, 263, 264, 265, 267, 268, 269], "summary": {"covered_lines": 7, "num_statements": 7, "percent_covered": 100.0, "percent_covered_display": "100", "missing_lines": 0, "excluded_lines": 0}, "missing_lines": [], "excluded_lines": []}, "schedule_resume": {"executed_lines": [276, 277, 278, 279, 281, 282, 283], "summary": {"covered_lines": 7, "num_statements": 7, "percent_covered": 100.0, "percent_covered_display": "100", "missing_lines": 0, "excluded_lines": 0}, "missing_lines": [], "excluded_lines": []}, "schedule_trigger": {"executed_lines": [290, 291, 292, 293, 294, 295, 297, 298, 299], "summary": {"covered_lines": 9, "num_statements": 9, "percent_covered": 100.0, "percent_covered_display": "100", "missing_lines": 0, "excluded_lines": 0}, "missing_lines": [], "excluded_lines": []}, "schedule_delete": {"executed_lines": [307, 308, 309, 310, 312, 313, 314], "summary": {"covered_lines": 7, "num_statements": 7, "percent_covered": 100.0, "percent_covered_display": "100", "missing_lines": 0, "excluded_lines": 0}, "missing_lines": [], "excluded_lines": []}, "cost": {"executed_lines": [324], "summary": {"covered_lines": 1, "num_statements": 1, "percent_covered": 100.0, "percent_covered_display": "100", "missing_lines": 0, "excluded_lines": 0}, "missing_lines": [], "excluded_lines": []}, "cost_summary": {"executed_lines": [331, 332, 334, 335, 336, 338, 339, 344, 345, 346, 348, 349, 350, 351, 353, 354, 355, 356, 358, 359, 360], "summary": {"covered_lines": 21, "num_statements": 21, "percent_covered": 100.0, "percent_covered_display": "100", "missing_lines": 0, "excluded_lines": 0}, "missing_lines": [], "excluded_lines": []}, "cost_budget": {"executed_lines": [366, 367, 369, 370, 372, 374, 375, 376, 377, 379, 380, 381, 382, 384, 385, 386], "summary": {"covered_lines": 16, "num_statements": 16, "percent_covered": 100.0, "percent_covered_display": "100", "missing_lines": 0, "excluded_lines": 0}, "missing_lines": [], "excluded_lines": []}, "cost_set_budget": {"executed_lines": [395, 396, 397, 403, 404, 405, 406, 407, 408, 410, 411, 412], "summary": {"covered_lines": 12, "num_statements": 12, "percent_covered": 100.0, "percent_covered_display": "100", "missing_lines": 0, "excluded_lines": 0}, "missing_lines": [], "excluded_lines": []},